Feature,number of features selected,Coefficient,StdErr,R2
const,6,4749.981558040858,412.58420315004656,0.03977996551107266
treat,6,1661.1497401854956,631.3245243376551,0.03977996551107266
age,6,45.98319530845867,46.26614332118867,0.03977996551107266
educ,6,496.9525574320944,214.22720807285864,0.03977996551107266
re74,6,0.0707225871139906,0.07669735013214123,0.03977996551107266
re75,6,0.07690181817686484,0.13076035136047176,0.03977996551107266
