Feature,number of features selected,Coefficient,StdErr,R2
const,2,0.19915795780858295,0.005331083737422559,0.13480454042069
population,2,0.674059840906354,0.03826120488201846,0.13480454042069
